ID,Preprints,PublishedDate,EvaluationSummaryID,PeerReviewID,AuthorResponseID,URL
3847,,2022-11-17,TfCA6maDEe2zm3_n3MyxjA,PWlFMsYAEeyoOMsYgfQZig,_-EEYk8BEe2uqM_lWThi9Q,https://biophysics-colab--epp.elifesciences.org/reviewed-preprints/3847
4754,,2022-12-06,TOcl1HWpEe2Tp7MyQ4DvkQ,HytBbCiWEe25CztJOfZHXA,uD_sfl-jEe2Dnysguy9oKg,https://biophysics-colab--epp.elifesciences.org/reviewed-preprints/4754
4757,1|2,2023-08-24,YCT-ekJXEe69aacVOG1eyg,B0XGdDAnEe2fj3swFFydNQ,_1na-qk9Ee2881vx_bci3A,https://biophysics-colab--epp.elifesciences.org/reviewed-preprints/4757
4759,1|2,2022-12-23,aaxc-IL_Ee2va-MlDsylZg,LXiX7D41Ee2k99cjc162Cw,Ke97RnAWEe2uI59T-Z5r8A,https://biophysics-colab--epp.elifesciences.org/reviewed-preprints/4759
4763,1|2,2022-10-06,gvO9EEWREe2h3TN9wLNw_Q,SEuzdEVMEe25smtLmvWMJQ,dbt-DkWQEe2exOsd4fS8hg,https://biophysics-colab--epp.elifesciences.org/reviewed-preprints/4763
4923,1|2,2023-08-22,iOaKTkD6Ee6QZP-uXndKmA,rbtljF-hEe2o9H-iTJYigg,KXAqqED5Ee6Eyf8VOlvQKg,https://biophysics-colab--epp.elifesciences.org/reviewed-preprints/4923
8637,,2023-06-16,nWuFkAxdEe6CbY96sXkz1w,f4TU6AoNEe6zmT-c0Pl-0Q,0hn2mgwnEe6rlxsISSalIA,https://biophysics-colab--epp.elifesciences.org/reviewed-preprints/8637
9400,,2024-01-12,GCyv1LFyEe6Bl6_mks7otQ,6TikwrFDEe6fTR91h8LtLw,5vyz-LFaEe6F_hPlSPUAgw,https://biophysics-colab--epp.elifesciences.org/reviewed-preprints/9400
9502,,2024-03-14,0HSjpOIsEe6USA8Yv1I9cA,gegW8pXUEe6uPG_7VaO-8Q,-t2vRtG1Ee6h9G_dlmfKKA,https://biophysics-colab--epp.elifesciences.org/reviewed-preprints/9502
9585,1|2,2024-02-22,uHoMEtG_Ee6FUI_6R2tt9Q,fhEgpNG3Ee6qLwt4m0uMEQ,lfWvGNG4Ee6yyR9CSKHvwg,https://biophysics-colab--epp.elifesciences.org/reviewed-preprints/9585
15675,,2021-09-27,YI_I-h-jEey0ua_bFBS9pA,3wxXsBrqEeysRyM70lofBA,,https://biophysics-colab--epp.elifesciences.org/reviewed-preprints/15675
15676,1|2,2021-09-08,J2qSChC1EeyvHS8fi9T9oQ,A2ZbGBCxEeyu-CsIpygfMQ,Q9GJ9BC0EeyPVBtgAn5Yjw,https://biophysics-colab--epp.elifesciences.org/reviewed-preprints/15676
15677,,2022-04-28,P5UMTMcdEeyNjRPVL7ph8g,A4Xd2BGUEeIxaNhlAiqaQ,,https://biophysics-colab--epp.elifesciences.org/reviewed-preprints/15677
